#;Time;RL points;Agent name;Learning type;Won episode;Episode iterations;Episode time [s];Interest in enemy [%]
1;30.12.2021 14:34:40;-9,339995;Madox;Self play;Fail;1;69;100%
2;30.12.2021 14:34:40;4,0625;Jack;Self play;Win;1;69;100%
3;30.12.2021 14:35:02;-8,3025;Madox;Self play;Fail;1;106;100%
4;30.12.2021 14:35:02;-0,325001;Jack;Self play;Win;1;106;100%
5;30.12.2021 14:35:17;3,972498;Madox;Self play;Win;1;70;91%
6;30.12.2021 14:35:17;-5,572749;Jack;Self play;Fail;1;70;100%
7;30.12.2021 14:35:34;4,136249;Madox;Self play;Win;1;83;100%
8;30.12.2021 14:35:34;-8,100005;Jack;Self play;Fail;1;83;100%
9;30.12.2021 14:36:59;-30,00343;Madox;Self play;Fail;2;406;94%
10;30.12.2021 14:36:59;1,281255;Jack;Self play;Win;2;406;51%
11;30.12.2021 14:37:29;-9,535014;Madox;Self play;Win;1;163;20%
12;30.12.2021 14:37:29;-17,93501;Jack;Self play;Fail;1;163;20%
13;30.12.2021 14:37:49;-12,08;Madox;Self play;Fail;1;100;45%
14;30.12.2021 14:37:49;-3,604996;Jack;Self play;Win;1;100;45%
15;30.12.2021 14:38:06;-10,74875;Madox;Self play;Fail;1;88;100%
16;30.12.2021 14:38:06;7,799245;Jack;Self play;Win;1;88;96%
17;30.12.2021 14:38:26;-7,556251;Madox;Self play;Fail;1;101;100%
18;30.12.2021 14:38:26;2,786749;Jack;Self play;Win;1;101;100%
19;30.12.2021 14:38:47;6,840005;Madox;Self play;Win;1;103;84%
20;30.12.2021 14:38:47;-11,8385;Jack;Self play;Fail;1;103;100%
21;30.12.2021 14:39:08;6,1715;Madox;Self play;Win;1;110;100%
22;30.12.2021 14:39:08;-10,2075;Jack;Self play;Fail;1;110;100%
23;30.12.2021 14:39:17;4,6275;Madox;Self play;Win;1;44;100%
24;30.12.2021 14:39:17;-6,224999;Jack;Self play;Fail;1;44;100%
25;30.12.2021 14:39:36;-9,509995;Madox;Self play;Fail;1;94;67%
26;30.12.2021 14:39:36;-0,8549972;Jack;Self play;Win;1;94;67%
27;30.12.2021 14:39:54;2,614999;Madox;Self play;Win;1;93;100%
28;30.12.2021 14:39:54;-8,744247;Jack;Self play;Fail;1;93;100%
29;30.12.2021 14:40:10;-1,899999;Madox;Self play;Win;1;84;59%
30;30.12.2021 14:40:10;-9,809997;Jack;Self play;Fail;1;84;59%
31;30.12.2021 14:40:13;1,675;Madox;Self play;Win;1;11;100%
32;30.12.2021 14:40:13;-5,679999;Jack;Self play;Fail;1;11;100%
33;30.12.2021 14:40:38;-17,77748;Madox;Self play;Fail;1;131;75%
34;30.12.2021 14:40:38;0,4800037;Jack;Self play;Win;1;131;75%
35;30.12.2021 14:40:54;-3,265;Madox;Self play;Fail;1;84;100%
36;30.12.2021 14:40:54;0,06599909;Jack;Self play;Win;1;84;100%
37;30.12.2021 14:41:04;-6,119998;Madox;Self play;Fail;1;51;100%
38;30.12.2021 14:41:04;4,645;Jack;Self play;Win;1;51;100%
39;30.12.2021 14:42:40;-10,18151;Madox;Self play;Fail;2;423;36%
40;30.12.2021 14:42:40;-17,64494;Jack;Self play;Win;2;423;97%
41;30.12.2021 14:42:52;-8,543498;Madox;Self play;Fail;1;64;100%
42;30.12.2021 14:42:52;5,132499;Jack;Self play;Win;1;64;100%
43;30.12.2021 14:43:12;9,337488;Madox;Self play;Win;1;100;100%
44;30.12.2021 14:43:12;-14,10001;Jack;Self play;Fail;1;100;100%
45;30.12.2021 14:43:29;3,616249;Madox;Self play;Win;1;81;100%
46;30.12.2021 14:43:29;-6,447499;Jack;Self play;Fail;1;81;100%
47;30.12.2021 14:44:46;-18,90751;Madox;Self play;Fail;2;394;100%
48;30.12.2021 14:44:46;-4,962512;Jack;Self play;Win;2;394;100%
49;30.12.2021 14:44:59;4,120752;Madox;Self play;Win;1;67;100%
50;30.12.2021 14:44:59;-8,839996;Jack;Self play;Fail;1;67;100%
51;30.12.2021 14:45:12;-9,282497;Madox;Self play;Fail;1;68;97%
52;30.12.2021 14:45:12;6,00475;Jack;Self play;Win;1;68;97%
53;30.12.2021 14:45:47;-8,855002;Madox;Self play;Win;1;178;55%
54;30.12.2021 14:45:47;-16,45502;Jack;Self play;Fail;1;178;55%
55;30.12.2021 14:46:59;-29,77248;Madox;Self play;Win;2;375;19%
56;30.12.2021 14:46:59;-37,17755;Jack;Self play;Fail;2;375;19%
57;30.12.2021 14:48:21;-37,13006;Madox;Self play;Fail;2;350;14%
58;30.12.2021 14:48:21;-21,01435;Jack;Self play;Win;2;350;14%
59;30.12.2021 14:49:02;-3,165012;Madox;Self play;Win;1;186;58%
60;30.12.2021 14:49:02;-17,125;Jack;Self play;Fail;1;186;100%
61;30.12.2021 14:49:33;-11,0225;Madox;Self play;Fail;1;137;100%
62;30.12.2021 14:49:33;4,561999;Jack;Self play;Win;1;137;100%
63;30.12.2021 14:49:56;6,686749;Madox;Self play;Win;1;101;100%
64;30.12.2021 14:49:56;-6,645002;Jack;Self play;Fail;1;101;100%
65;30.12.2021 14:50:07;-7,470001;Madox;Self play;Fail;1;50;100%
66;30.12.2021 14:50:07;8,626249;Jack;Self play;Win;1;50;100%
67;30.12.2021 14:52:29;-47,45984;Madox;Self play;Fail;3;669;59%
68;30.12.2021 14:52:29;-32,85025;Jack;Self play;Win;3;669;56%
69;30.12.2021 14:52:46;5,913749;Madox;Self play;Win;1;82;99%
70;30.12.2021 14:52:46;-12,90001;Jack;Self play;Fail;1;82;99%
71;30.12.2021 14:53:00;-10,58825;Madox;Self play;Fail;1;75;100%
72;30.12.2021 14:53:00;3,9925;Jack;Self play;Win;1;75;100%
73;30.12.2021 14:53:53;-6,157491;Madox;Self play;Win;1;254;34%
74;30.12.2021 14:53:53;-13,99701;Jack;Self play;Fail;1;254;100%
75;30.12.2021 14:54:22;-1,994996;Madox;Self play;Win;1;135;60%
76;30.12.2021 14:54:22;-12,43501;Jack;Self play;Fail;1;135;60%
77;30.12.2021 14:54:36;-9,699998;Madox;Self play;Fail;1;70;96%
78;30.12.2021 14:54:36;3,984998;Jack;Self play;Win;1;70;96%
79;30.12.2021 14:54:54;5,575503;Madox;Self play;Win;1;91;100%
80;30.12.2021 14:54:54;-8,709995;Jack;Self play;Fail;1;91;100%
81;30.12.2021 14:55:17;-5,150001;Madox;Self play;Fail;1;122;100%
82;30.12.2021 14:55:17;-3,239998;Jack;Self play;Win;1;122;100%
83;30.12.2021 14:55:51;-9,330011;Madox;Self play;Win;1;165;24%
84;30.12.2021 14:55:51;-17,48;Jack;Self play;Fail;1;165;24%
85;30.12.2021 14:56:28;-6,154995;Madox;Self play;Win;1;155;40%
86;30.12.2021 14:56:28;-14,97501;Jack;Self play;Fail;1;155;40%
87;30.12.2021 14:56:56;5,379999;Madox;Self play;Win;1;126;100%
88;30.12.2021 14:56:56;-7,244246;Jack;Self play;Fail;1;126;100%
89;30.12.2021 14:57:12;-9,435002;Madox;Self play;Fail;1;73;100%
90;30.12.2021 14:57:12;5,68525;Jack;Self play;Win;1;73;100%
91;30.12.2021 14:57:31;7,005;Madox;Self play;Win;1;89;80%
92;30.12.2021 14:57:31;-9,419997;Jack;Self play;Fail;1;89;100%
93;30.12.2021 18:20:31;-2,848;Madox;Self play;Fail;1;75;100%
94;30.12.2021 18:20:31;0,9799999;Jack;Self play;Win;1;75;100%
95;30.12.2021 18:21:19;-13,15003;Madox;Self play;Win;1;223;28%
96;30.12.2021 18:21:19;-22,37752;Jack;Self play;Fail;1;223;28%
97;30.12.2021 18:21:26;-3,83125;Madox;Self play;Fail;1;35;100%
98;30.12.2021 18:21:26;2,91;Jack;Self play;Win;1;35;100%
99;30.12.2021 18:22:02;-12,17502;Madox;Self play;Win;1;183;23%
100;30.12.2021 18:22:02;-17,40002;Jack;Self play;Fail;1;183;23%
101;30.12.2021 18:22:18;-7,625003;Madox;Self play;Fail;1;76;100%
102;30.12.2021 18:22:18;8,432749;Jack;Self play;Win;1;76;100%
103;30.12.2021 18:22:39;-14,70001;Madox;Self play;Fail;1;109;100%
104;30.12.2021 18:22:39;5,969998;Jack;Self play;Win;1;109;100%
105;30.12.2021 18:22:56;5,35725;Madox;Self play;Win;1;83;100%
106;30.12.2021 18:22:56;-7,780005;Jack;Self play;Fail;1;83;100%
107;30.12.2021 18:23:06;7,254993;Madox;Self play;Win;1;51;100%
108;30.12.2021 18:23:06;-6,563253;Jack;Self play;Fail;1;51;100%
109;30.12.2021 18:23:21;-5,265001;Madox;Self play;Fail;1;76;100%
110;30.12.2021 18:23:22;2,48;Jack;Self play;Win;1;76;100%
111;30.12.2021 18:23:31;-6,985247;Madox;Self play;Fail;1;50;100%
112;30.12.2021 18:23:31;3,097501;Jack;Self play;Win;1;50;100%
113;30.12.2021 18:23:52;-7,487501;Madox;Self play;Fail;1;105;97%
114;30.12.2021 18:23:52;4,28375;Jack;Self play;Win;1;105;97%
115;30.12.2021 18:24:13;7,109499;Madox;Self play;Win;1;111;100%
116;30.12.2021 18:24:13;-11,9525;Jack;Self play;Fail;1;111;100%
117;30.12.2021 18:24:36;-8,184996;Madox;Self play;Fail;1;103;100%
118;30.12.2021 18:24:36;3,885499;Jack;Self play;Win;1;103;100%
119;30.12.2021 18:25:04;-16,89002;Madox;Self play;Fail;1;145;34%
120;30.12.2021 18:25:04;-8,385001;Jack;Self play;Win;1;145;34%
121;30.12.2021 18:25:11;1,663999;Madox;Self play;Win;1;35;100%
122;30.12.2021 18:25:11;-4,610001;Jack;Self play;Fail;1;35;100%
123;30.12.2021 18:25:30;-8,445004;Madox;Self play;Fail;1;94;100%
124;30.12.2021 18:25:30;5,5435;Jack;Self play;Win;1;94;100%
125;30.12.2021 18:25:39;-7,159998;Madox;Self play;Fail;1;45;100%
126;30.12.2021 18:25:39;2,705;Jack;Self play;Win;1;45;100%
127;30.12.2021 18:25:56;-1,065004;Madox;Self play;Win;1;88;37%
128;30.12.2021 18:25:56;-7,824501;Jack;Self play;Fail;1;88;100%
129;30.12.2021 18:26:35;-20,39503;Madox;Self play;Fail;1;191;28%
130;30.12.2021 18:26:35;-11,20002;Jack;Self play;Win;1;191;28%
131;30.12.2021 18:28:25;-52,55991;Madox;Self play;Fail;2;528;19%
132;30.12.2021 18:28:25;-39,145;Jack;Self play;Win;2;528;19%
133;30.12.2021 18:28:51;9,680506;Madox;Self play;Win;1;124;100%
134;30.12.2021 18:28:51;-14,585;Jack;Self play;Fail;1;124;100%
135;30.12.2021 18:29:10;-10,84;Madox;Self play;Fail;1;90;98%
136;30.12.2021 18:29:10;9,040008;Jack;Self play;Win;1;90;98%
137;30.12.2021 18:29:33;-12,275;Madox;Self play;Fail;1;106;53%
138;30.12.2021 18:29:33;-0,4775;Jack;Self play;Win;1;106;53%
139;30.12.2021 18:29:42;-6,5475;Madox;Self play;Fail;1;45;100%
140;30.12.2021 18:29:42;8,4105;Jack;Self play;Win;1;45;100%
141;30.12.2021 18:29:54;1,3125;Madox;Self play;Win;1;56;100%
142;30.12.2021 18:29:54;-5,60225;Jack;Self play;Fail;1;56;100%
143;30.12.2021 18:30:00;-4,977502;Madox;Self play;Fail;1;34;100%
144;30.12.2021 18:30:00;8,572499;Jack;Self play;Win;1;34;100%
145;30.12.2021 18:30:10;-2,41;Madox;Self play;Fail;1;45;100%
146;30.12.2021 18:30:10;5,029752;Jack;Self play;Win;1;45;100%
147;30.12.2021 18:30:19;7,905001;Madox;Self play;Win;1;41;100%
148;30.12.2021 18:30:19;-8,0335;Jack;Self play;Fail;1;41;100%
149;30.12.2021 18:31:36;1,923996;Madox;Self play;Win;2;368;30%
150;30.12.2021 18:31:36;-34,87754;Jack;Self play;Fail;2;368;100%
151;30.12.2021 18:31:59;-11,28999;Madox;Self play;Fail;1;110;44%
152;30.12.2021 18:31:59;-2,374995;Jack;Self play;Win;1;110;44%
153;30.12.2021 18:32:15;-11,70001;Madox;Self play;Fail;1;83;100%
154;30.12.2021 18:32:15;5,620002;Jack;Self play;Win;1;83;100%
155;30.12.2021 18:33:25;-23,54508;Madox;Self play;Win;2;330;16%
156;30.12.2021 18:33:25;-32,69507;Jack;Self play;Fail;2;330;16%
157;30.12.2021 18:33:48;2,098749;Madox;Self play;Win;1;116;99%
158;30.12.2021 18:33:48;-4,825002;Jack;Self play;Fail;1;116;99%
159;30.12.2021 18:34:11;-8,498755;Madox;Self play;Fail;1;116;100%
160;30.12.2021 18:34:11;3,5375;Jack;Self play;Win;1;116;100%
161;30.12.2021 18:34:29;-8,027998;Madox;Self play;Fail;1;89;100%
162;30.12.2021 18:34:29;5,2175;Jack;Self play;Win;1;89;100%
163;30.12.2021 18:35:23;-27,77006;Madox;Self play;Fail;1;252;18%
164;30.12.2021 18:35:23;-17,71505;Jack;Self play;Win;1;252;18%
165;30.12.2021 18:36:48;-32,42463;Madox;Self play;Fail;2;395;100%
166;30.12.2021 18:36:48;11,48615;Jack;Self play;Win;2;395;100%
167;30.12.2021 18:37:05;-10,77;Madox;Self play;Fail;1;83;100%
168;30.12.2021 18:37:05;8,405252;Jack;Self play;Win;1;83;100%
169;30.12.2021 18:37:30;-10,63;Madox;Self play;Fail;1;118;84%
170;30.12.2021 18:37:30;2,7575;Jack;Self play;Win;1;118;84%
171;30.12.2021 18:37:33;1,385;Madox;Self play;Win;1;18;100%
172;30.12.2021 18:37:33;-0,1274999;Jack;Self play;Fail;1;18;100%
173;30.12.2021 18:37:46;9,232502;Madox;Self play;Win;1;61;100%
174;30.12.2021 18:37:46;-11,54275;Jack;Self play;Fail;1;61;100%
175;30.12.2021 18:39:00;-37,88518;Madox;Self play;Fail;2;369;18%
176;30.12.2021 18:39:00;-22,65258;Jack;Self play;Win;2;369;18%
177;30.12.2021 18:39:51;8,052511;Madox;Self play;Win;1;232;54%
178;30.12.2021 18:39:51;-14,27502;Jack;Self play;Fail;1;232;100%
179;30.12.2021 18:39:55;7,91;Madox;Self play;Win;1;21;70%
180;30.12.2021 18:39:55;-8,299997;Jack;Self play;Fail;1;21;70%
181;30.12.2021 18:40:14;6,498;Madox;Self play;Win;1;90;100%
182;30.12.2021 18:40:14;-9,079996;Jack;Self play;Fail;1;90;100%
183;30.12.2021 18:40:33;0,6917477;Madox;Self play;Fail;1;88;99%
184;30.12.2021 18:40:33;2,26;Jack;Self play;Win;1;88;100%
185;30.12.2021 18:43:01;-48,44997;Madox;Self play;Fail;3;710;57%
186;30.12.2021 18:43:01;-31,56763;Jack;Self play;Win;3;710;49%
187;30.12.2021 18:43:19;-11,3;Madox;Self play;Fail;1;83;97%
188;30.12.2021 18:43:19;13,381;Jack;Self play;Win;1;83;97%
189;30.12.2021 18:43:33;-7,1175;Madox;Self play;Fail;1;75;100%
190;30.12.2021 18:43:33;8,244503;Jack;Self play;Win;1;75;99%
191;30.12.2021 18:43:49;-6,840246;Madox;Self play;Fail;1;70;75%
192;30.12.2021 18:43:49;-0,005000591;Jack;Self play;Win;1;70;75%
193;30.12.2021 18:44:04;-7,075002;Madox;Self play;Fail;1;56;100%
194;30.12.2021 18:44:04;5,056248;Jack;Self play;Win;1;56;100%
195;30.12.2021 18:44:33;-10,2685;Madox;Self play;Fail;1;123;65%
196;30.12.2021 18:44:33;-1,144998;Jack;Self play;Win;1;123;69%
197;30.12.2021 18:44:49;2,559999;Madox;Self play;Win;1;70;99%
198;30.12.2021 18:44:49;-6,697998;Jack;Self play;Fail;1;70;99%
199;30.12.2021 18:44:59;5,956998;Madox;Self play;Win;1;43;100%
200;30.12.2021 18:44:59;-5,975001;Jack;Self play;Fail;1;43;100%
201;30.12.2021 18:45:18;-1,042498;Madox;Self play;Win;1;86;58%
202;30.12.2021 18:45:18;-8,942502;Jack;Self play;Fail;1;86;58%
203;30.12.2021 18:46:47;-27,53655;Madox;Self play;Fail;2;415;85%
204;30.12.2021 18:46:47;-11,25003;Jack;Self play;Win;2;415;24%
205;30.12.2021 18:47:09;6,635501;Madox;Self play;Win;1;117;100%
206;30.12.2021 18:47:09;-12,99;Jack;Self play;Fail;1;117;100%
207;30.12.2021 18:47:14;-5,2;Madox;Self play;Fail;1;22;100%
208;30.12.2021 18:47:14;8,057501;Jack;Self play;Win;1;22;100%
209;30.12.2021 18:47:22;2,04;Madox;Self play;Win;1;42;100%
210;30.12.2021 18:47:22;-3,679501;Jack;Self play;Fail;1;42;100%
211;30.12.2021 18:48:14;-29,17003;Madox;Self play;Fail;1;267;23%
212;30.12.2021 18:48:14;-17,32506;Jack;Self play;Win;1;267;23%
213;30.12.2021 18:49:23;-3,985013;Madox;Self play;Win;2;327;100%
214;30.12.2021 18:49:23;-15,09751;Jack;Self play;Fail;2;327;100%
215;30.12.2021 18:49:35;-5,820249;Madox;Self play;Fail;1;49;100%
216;30.12.2021 18:49:35;4,055;Jack;Self play;Win;1;49;100%
217;30.12.2021 18:49:38;6,594749;Madox;Self play;Win;1;15;100%
218;30.12.2021 18:49:38;-2,895;Jack;Self play;Fail;1;15;100%
219;30.12.2021 18:49:47;-4,387499;Madox;Self play;Fail;1;36;100%
220;30.12.2021 18:49:47;6,942004;Jack;Self play;Win;1;36;100%
221;30.12.2021 18:52:59;-53,70662;Madox;Self play;Fail;3;883;65%
222;30.12.2021 18:52:59;-38,45738;Jack;Self play;Win;3;883;38%
223;30.12.2021 18:53:26;-14,10001;Madox;Self play;Fail;1;126;49%
224;30.12.2021 18:53:26;-2,845;Jack;Self play;Win;1;126;49%
225;30.12.2021 18:53:31;-4,015001;Madox;Self play;Fail;1;23;100%
226;30.12.2021 18:53:31;6,429999;Jack;Self play;Win;1;23;100%
227;30.12.2021 18:54:28;-28,54506;Madox;Self play;Fail;1;268;23%
228;30.12.2021 18:54:28;-19,02506;Jack;Self play;Win;1;268;23%
229;30.12.2021 18:54:35;0,9427502;Madox;Self play;Win;1;34;100%
230;30.12.2021 18:54:35;-1,7;Jack;Self play;Fail;1;34;100%
231;30.12.2021 18:54:54;0,4950009;Madox;Self play;Win;1;89;56%
232;30.12.2021 18:54:54;-11,14725;Jack;Self play;Fail;1;89;56%
233;30.12.2021 18:55:14;-10,05;Madox;Self play;Fail;1;102;100%
234;30.12.2021 18:55:14;11,98348;Jack;Self play;Win;1;102;100%
235;30.12.2021 18:55:26;1,735751;Madox;Self play;Win;1;64;56%
236;30.12.2021 18:55:26;-5,870001;Jack;Self play;Fail;1;64;56%
237;30.12.2021 18:55:37;3,385251;Madox;Self play;Win;1;56;100%
238;30.12.2021 18:55:37;-6,250001;Jack;Self play;Fail;1;56;100%
239;30.12.2021 18:55:55;-5,479749;Madox;Self play;Fail;1;90;100%
240;30.12.2021 18:55:55;0,9925019;Jack;Self play;Win;1;90;100%
241;30.12.2021 18:56:10;0,8500017;Madox;Self play;Win;1;84;68%
242;30.12.2021 18:56:10;-9,500001;Jack;Self play;Fail;1;84;68%
243;30.12.2021 18:56:19;-4,190001;Madox;Self play;Fail;1;42;100%
244;30.12.2021 18:56:19;7,833752;Jack;Self play;Win;1;42;100%
245;30.12.2021 18:56:21;3,6685;Madox;Self play;Win;1;12;100%
246;30.12.2021 18:56:21;-1,64;Jack;Self play;Fail;1;12;100%
247;30.12.2021 19:01:04;-78,27267;Madox;Self play;Win;5;1348;44%
248;30.12.2021 19:01:04;-104,8205;Jack;Self play;Fail;5;1348;44%
249;30.12.2021 19:01:16;11,30301;Madox;Self play;Win;1;63;100%
250;30.12.2021 19:01:16;-6,2225;Jack;Self play;Fail;1;63;100%
251;30.12.2021 19:02:04;-12,37975;Madox;Self play;Fail;1;231;100%
252;30.12.2021 19:02:04;-1,385004;Jack;Self play;Win;1;231;26%
253;30.12.2021 19:05:31;-41,15231;Madox;Self play;Win;4;967;74%
254;30.12.2021 19:05:31;-42,94036;Jack;Self play;Fail;4;967;61%
255;30.12.2021 19:05:43;-4,130249;Madox;Self play;Fail;1;54;100%
256;30.12.2021 19:05:43;2,814999;Jack;Self play;Win;1;54;100%
257;30.12.2021 19:05:52;-5,0225;Madox;Self play;Fail;1;43;84%
258;30.12.2021 19:05:52;8,422499;Jack;Self play;Win;1;43;84%
259;30.12.2021 19:06:04;5,182502;Madox;Self play;Win;1;62;88%
260;30.12.2021 19:06:05;-7,697751;Jack;Self play;Fail;1;62;100%
261;30.12.2021 19:06:17;8,697248;Madox;Self play;Win;1;56;69%
262;30.12.2021 19:06:17;-8,990001;Jack;Self play;Fail;1;56;69%
263;30.12.2021 19:06:34;10,58576;Madox;Self play;Win;1;83;100%
264;30.12.2021 19:06:34;-7,123754;Jack;Self play;Fail;1;83;100%
265;30.12.2021 19:07:40;0,8300086;Madox;Self play;Win;2;319;98%
266;30.12.2021 19:07:40;-11,27501;Jack;Self play;Fail;2;319;98%
267;30.12.2021 19:07:55;-7,0755;Madox;Self play;Fail;1;69;100%
268;30.12.2021 19:07:55;4,455002;Jack;Self play;Win;1;69;97%
269;30.12.2021 19:08:09;-6,592498;Madox;Self play;Fail;1;69;67%
270;30.12.2021 19:08:09;2,275;Jack;Self play;Win;1;69;67%
271;30.12.2021 19:10:39;-54,0787;Madox;Self play;Win;3;695;68%
272;30.12.2021 19:10:39;-24,23026;Jack;Self play;Fail;3;695;29%
273;30.12.2021 19:10:46;11,535;Madox;Self play;Win;1;36;100%
274;30.12.2021 19:10:46;-5,775001;Jack;Self play;Fail;1;36;100%
275;30.12.2021 19:10:53;10,685;Madox;Self play;Win;1;33;98%
276;30.12.2021 19:10:53;-3,74;Jack;Self play;Fail;1;33;98%
277;30.12.2021 19:11:04;10,93;Madox;Self play;Win;1;56;100%
278;30.12.2021 19:11:04;-6,315003;Jack;Self play;Fail;1;56;100%
279;30.12.2021 19:13:21;-30,71546;Madox;Self play;Win;3;620;51%
280;30.12.2021 19:13:21;-37,7949;Jack;Self play;Fail;3;620;51%
281;30.12.2021 19:13:54;-9,060002;Madox;Self play;Win;1;161;32%
282;30.12.2021 19:13:54;-17,90003;Jack;Self play;Fail;1;161;32%
283;30.12.2021 19:15:09;8,165995;Madox;Self play;Win;2;355;100%
284;30.12.2021 19:15:09;-15,21251;Jack;Self play;Fail;2;355;100%
285;30.12.2021 19:15:20;-6,263748;Madox;Self play;Fail;1;48;100%
286;30.12.2021 19:15:20;7,759999;Jack;Self play;Win;1;48;100%
287;30.12.2021 19:15:42;1,537501;Madox;Self play;Win;1;102;67%
288;30.12.2021 19:15:42;-10,9;Jack;Self play;Fail;1;102;67%
289;30.12.2021 19:16:16;-16,62252;Madox;Self play;Fail;1;171;28%
290;30.12.2021 19:16:16;-12,25002;Jack;Self play;Win;1;171;28%
291;30.12.2021 19:17:46;-20,45221;Madox;Self play;Fail;2;448;100%
292;30.12.2021 19:17:46;-4,995009;Jack;Self play;Win;2;448;78%
293;30.12.2021 19:17:53;-8,299997;Madox;Self play;Fail;1;34;100%
294;30.12.2021 19:17:53;13,71;Jack;Self play;Win;1;34;100%
295;30.12.2021 19:17:59;7,113001;Madox;Self play;Win;1;28;100%
296;30.12.2021 19:17:59;-0,8325014;Jack;Self play;Fail;1;28;100%
297;30.12.2021 19:18:03;-3,48;Madox;Self play;Fail;1;18;100%
298;30.12.2021 19:18:03;7,429251;Jack;Self play;Win;1;18;100%
299;30.12.2021 19:21:26;-70,30081;Madox;Self play;Fail;4;913;34%
300;30.12.2021 19:21:26;-62,97488;Jack;Self play;Win;4;913;34%
301;30.12.2021 19:21:32;7,6925;Madox;Self play;Win;1;27;100%
302;30.12.2021 19:21:32;-2,68;Jack;Self play;Fail;1;27;100%
303;30.12.2021 19:22:53;-17,3025;Madox;Self play;Fail;2;402;90%
304;30.12.2021 19:22:53;-10,89;Jack;Self play;Win;2;402;90%
305;30.12.2021 19:23:00;-6,105001;Madox;Self play;Fail;1;35;100%
306;30.12.2021 19:23:00;11,86526;Jack;Self play;Win;1;35;100%
307;30.12.2021 19:23:21;-5,104749;Madox;Self play;Fail;1;103;97%
308;30.12.2021 19:23:21;4,517498;Jack;Self play;Win;1;103;97%
309;30.12.2021 19:26:04;-35,87656;Madox;Self play;Win;3;795;83%
310;30.12.2021 19:26:04;-42,63998;Jack;Self play;Fail;3;795;48%
311;30.12.2021 19:28:15;-5,284934;Madox;Self play;Win;3;636;100%
312;30.12.2021 19:28:15;-30,07514;Jack;Self play;Fail;3;636;100%
313;30.12.2021 19:28:22;11,1695;Madox;Self play;Win;1;33;100%
314;30.12.2021 19:28:22;-4,575001;Jack;Self play;Fail;1;33;100%
315;30.12.2021 19:28:25;-2,23525;Madox;Self play;Fail;1;15;100%
316;30.12.2021 19:28:25;4,43;Jack;Self play;Win;1;15;100%
317;30.12.2021 19:28:30;7,473001;Madox;Self play;Win;1;22;100%
318;30.12.2021 19:28:30;-2,715;Jack;Self play;Fail;1;22;100%
319;30.12.2021 19:30:12;-20,37253;Madox;Self play;Fail;2;482;71%
320;30.12.2021 19:30:12;-27,43008;Jack;Self play;Win;2;482;71%
321;30.12.2021 19:31:04;-17,36005;Madox;Self play;Win;1;244;20%
322;30.12.2021 19:31:04;-21,52505;Jack;Self play;Fail;1;244;20%
323;30.12.2021 19:32:12;-33,15509;Madox;Self play;Fail;2;337;11%
324;30.12.2021 19:32:12;-21,2476;Jack;Self play;Win;2;337;10%
325;30.12.2021 19:32:19;-3,295;Madox;Self play;Fail;1;33;100%
326;30.12.2021 19:32:19;6,123497;Jack;Self play;Win;1;33;95%
327;30.12.2021 19:32:31;2,479249;Madox;Self play;Win;1;62;100%
328;30.12.2021 19:32:31;-5,465499;Jack;Self play;Fail;1;62;100%
329;30.12.2021 19:32:34;-3,705;Madox;Self play;Fail;1;16;100%
330;30.12.2021 19:32:34;8,535001;Jack;Self play;Win;1;16;100%
331;30.12.2021 19:33:35;-29,10505;Madox;Self play;Fail;1;282;19%
332;30.12.2021 19:33:35;-18,66005;Jack;Self play;Win;1;282;19%
333;30.12.2021 19:33:46;-3,04;Madox;Self play;Fail;1;26;100%
334;30.12.2021 19:33:46;8,347502;Jack;Self play;Win;1;26;100%
335;30.12.2021 19:34:02;-5,765;Madox;Self play;Fail;1;70;100%
336;30.12.2021 19:34:02;6,95975;Jack;Self play;Win;1;70;100%
337;30.12.2021 19:35:16;0,2120096;Madox;Self play;Win;2;330;100%
338;30.12.2021 19:35:16;-10,79128;Jack;Self play;Fail;2;330;100%
339;30.12.2021 19:35:32;-6,359998;Madox;Self play;Fail;1;82;99%
340;30.12.2021 19:35:32;7,617503;Jack;Self play;Win;1;82;99%
341;30.12.2021 19:38:07;2,982502;Madox;Self play;Win;3;767;87%
342;30.12.2021 19:38:07;-35,46261;Jack;Self play;Fail;3;767;87%
343;30.12.2021 19:38:22;5,029999;Madox;Self play;Win;1;71;76%
344;30.12.2021 19:38:22;-5,725;Jack;Self play;Fail;1;71;76%
345;30.12.2021 19:39:16;-25,13754;Madox;Self play;Fail;1;267;19%
346;30.12.2021 19:39:16;-19,06006;Jack;Self play;Win;1;267;19%
347;30.12.2021 19:40:16;-12,24953;Madox;Self play;Fail;2;315;100%
348;30.12.2021 19:40:16;0,4999915;Jack;Self play;Win;2;315;100%
349;30.12.2021 19:41:30;9,533235;Madox;Self play;Win;2;363;99%
350;30.12.2021 19:41:30;-16,39997;Jack;Self play;Fail;2;363;100%
351;30.12.2021 19:42:56;-8,759984;Madox;Self play;Win;2;436;77%
352;30.12.2021 19:42:56;-20,61075;Jack;Self play;Fail;2;436;99%
353;30.12.2021 19:42:59;4,5425;Madox;Self play;Win;1;13;100%
354;30.12.2021 19:42:59;-2,2775;Jack;Self play;Fail;1;13;100%
355;30.12.2021 19:44:16;-2,260013;Madox;Self play;Win;2;413;83%
356;30.12.2021 19:44:16;-22,44755;Jack;Self play;Fail;2;413;83%
357;30.12.2021 19:44:24;4,960999;Madox;Self play;Win;1;35;100%
358;30.12.2021 19:44:24;-3,61;Jack;Self play;Fail;1;35;100%
359;30.12.2021 19:45:43;-21,53012;Madox;Self play;Win;2;356;15%
360;30.12.2021 19:45:43;-38,19503;Jack;Self play;Fail;2;356;15%
361;30.12.2021 19:47:01;-5,873494;Madox;Self play;Fail;2;398;98%
362;30.12.2021 19:47:01;-15,53752;Jack;Self play;Win;2;398;98%
363;30.12.2021 19:47:06;-4,365001;Madox;Self play;Fail;1;26;100%
364;30.12.2021 19:47:06;9,395003;Jack;Self play;Win;1;26;100%
365;30.12.2021 19:47:12;-3,965;Madox;Self play;Fail;1;26;100%
366;30.12.2021 19:47:12;8,644251;Jack;Self play;Win;1;26;100%
367;30.12.2021 19:47:14;-1,2325;Madox;Self play;Fail;1;9;100%
368;30.12.2021 19:47:14;2,645;Jack;Self play;Win;1;9;100%
369;30.12.2021 19:47:35;-15,38377;Madox;Self play;Fail;1;110;64%
370;30.12.2021 19:47:35;1,259999;Jack;Self play;Win;1;110;64%
371;30.12.2021 19:47:37;-4,235001;Madox;Self play;Fail;1;13;100%
372;30.12.2021 19:47:37;7,026;Jack;Self play;Win;1;13;100%
373;30.12.2021 19:49:49;-7,010025;Madox;Self play;Fail;3;671;100%
374;30.12.2021 19:49:49;-7,227009;Jack;Self play;Win;3;671;100%
375;30.12.2021 19:49:55;8,642498;Madox;Self play;Win;1;30;100%
376;30.12.2021 19:49:55;-3,355;Jack;Self play;Fail;1;30;100%
377;30.12.2021 19:52:01;-38,75253;Madox;Self play;Fail;3;634;8%
378;30.12.2021 19:52:01;-47,06976;Jack;Self play;Win;3;634;52%
379;30.12.2021 19:52:05;8,439001;Madox;Self play;Win;1;15;100%
380;30.12.2021 19:52:05;-4,199999;Jack;Self play;Fail;1;15;100%
381;30.12.2021 19:54:04;-39,37792;Madox;Self play;Win;3;619;51%
382;30.12.2021 19:54:04;-37,07491;Jack;Self play;Fail;3;619;9%
383;30.12.2021 19:55:22;-38,93005;Madox;Self play;Fail;2;380;21%
384;30.12.2021 19:55:22;-16,35582;Jack;Self play;Win;2;380;21%
385;30.12.2021 19:56:25;4,272488;Madox;Self play;Win;2;322;17%
386;30.12.2021 19:56:25;-18,88549;Jack;Self play;Fail;2;322;100%
387;30.12.2021 19:56:30;5,829999;Madox;Self play;Win;1;21;100%
388;30.12.2021 19:56:30;-3,078;Jack;Self play;Fail;1;21;100%
389;30.12.2021 19:58:33;-20,74268;Madox;Self play;Fail;3;624;100%
390;30.12.2021 19:58:33;-14,71385;Jack;Self play;Win;3;624;100%
391;30.12.2021 20:00:26;-45,07996;Madox;Self play;Fail;2;569;61%
392;30.12.2021 20:00:26;-21,19834;Jack;Self play;Win;2;569;12%
393;30.12.2021 20:01:05;-19,04999;Madox;Self play;Fail;1;190;40%
394;30.12.2021 20:01:05;-6,564997;Jack;Self play;Win;1;190;40%
395;30.12.2021 20:01:18;-3,87;Madox;Self play;Fail;1;63;86%
396;30.12.2021 20:01:18;7,576498;Jack;Self play;Win;1;63;86%
397;30.12.2021 20:01:25;5,2985;Madox;Self play;Win;1;34;100%
398;30.12.2021 20:01:25;0,07499909;Jack;Self play;Fail;1;34;100%
399;30.12.2021 20:01:38;-6,634999;Madox;Self play;Fail;1;67;62%
400;30.12.2021 20:01:38;4,1275;Jack;Self play;Win;1;67;62%
401;30.12.2021 20:01:42;1,57;Madox;Self play;Win;1;8;96%
402;30.12.2021 20:01:42;0,1199998;Jack;Self play;Fail;1;8;96%
403;30.12.2021 20:02:44;-7,558261;Madox;Self play;Fail;2;317;100%
404;30.12.2021 20:02:44;-2,450027;Jack;Self play;Win;2;317;100%
405;30.12.2021 20:03:16;-0,5649939;Madox;Self play;Win;1;169;66%
406;30.12.2021 20:03:16;-14,76002;Jack;Self play;Fail;1;169;66%
407;30.12.2021 20:03:24;-6,245001;Madox;Self play;Fail;1;40;100%
408;30.12.2021 20:03:24;11,9495;Jack;Self play;Win;1;40;100%
409;30.12.2021 20:03:29;-2,874;Madox;Self play;Fail;1;20;100%
410;30.12.2021 20:03:29;7,517;Jack;Self play;Win;1;20;100%
411;30.12.2021 20:03:50;13,85902;Madox;Self play;Win;1;104;100%
412;30.12.2021 20:03:50;-12,385;Jack;Self play;Fail;1;104;100%
413;30.12.2021 20:03:52;3,005;Madox;Self play;Win;1;12;100%
414;30.12.2021 20:03:52;0,03500009;Jack;Self play;Fail;1;12;100%
415;30.12.2021 20:04:01;4,529999;Madox;Self play;Win;1;44;100%
416;30.12.2021 20:04:01;-6,22575;Jack;Self play;Fail;1;44;100%
417;30.12.2021 20:04:19;-9,370002;Madox;Self play;Fail;1;95;52%
418;30.12.2021 20:04:19;-1,609998;Jack;Self play;Win;1;95;52%
419;30.12.2021 20:04:59;-22,38503;Madox;Self play;Fail;1;210;21%
420;30.12.2021 20:04:59;-12,06502;Jack;Self play;Win;1;210;21%
421;30.12.2021 20:06:27;-15,64008;Madox;Self play;Win;2;449;89%
422;30.12.2021 20:06:27;-23,32755;Jack;Self play;Fail;2;449;89%
423;30.12.2021 20:06:32;12,0255;Madox;Self play;Win;1;24;100%
424;30.12.2021 20:06:32;-5,785;Jack;Self play;Fail;1;24;100%
425;30.12.2021 20:06:43;6,462749;Madox;Self play;Win;1;56;100%
426;30.12.2021 20:06:43;-5,655;Jack;Self play;Fail;1;56;100%
427;30.12.2021 20:06:58;8,476252;Madox;Self play;Win;1;76;96%
428;30.12.2021 20:06:58;-9,584999;Jack;Self play;Fail;1;76;96%
429;30.12.2021 20:07:59;-22,34934;Madox;Self play;Win;2;321;6%
430;30.12.2021 20:07:59;-34,89008;Jack;Self play;Fail;2;321;6%
431;30.12.2021 20:08:28;-12,90001;Madox;Self play;Fail;1;136;55%
432;30.12.2021 20:08:28;-2,775;Jack;Self play;Win;1;136;55%
433;30.12.2021 20:08:34;7,12475;Madox;Self play;Win;1;16;100%
434;30.12.2021 20:08:34;-2,04;Jack;Self play;Fail;1;16;100%
435;30.12.2021 20:09:02;-7,115;Madox;Self play;Win;1;143;35%
436;30.12.2021 20:09:02;-14,44501;Jack;Self play;Fail;1;143;35%
437;30.12.2021 20:09:25;9,24501;Madox;Self play;Win;1;116;100%
438;30.12.2021 20:09:25;-9,050008;Jack;Self play;Fail;1;116;100%
439;30.12.2021 20:09:33;-6,3;Madox;Self play;Fail;1;32;47%
440;30.12.2021 20:09:33;7,18975;Jack;Self play;Win;1;32;47%
441;30.12.2021 20:09:36;-3,720001;Madox;Self play;Fail;1;14;100%
442;30.12.2021 20:09:36;2,24;Jack;Self play;Win;1;14;100%
443;30.12.2021 20:09:40;-3,35;Madox;Self play;Fail;1;16;100%
444;30.12.2021 20:09:40;6,132499;Jack;Self play;Win;1;16;100%
445;30.12.2021 20:10:11;-9,852742;Madox;Self play;Fail;1;136;100%
446;30.12.2021 20:10:11;1,555;Jack;Self play;Win;1;136;33%
447;30.12.2021 20:10:17;7,219999;Madox;Self play;Win;1;28;100%
448;30.12.2021 20:10:17;-2,295;Jack;Self play;Fail;1;28;100%
449;30.12.2021 20:10:22;-2,455;Madox;Self play;Fail;1;25;100%
450;30.12.2021 20:10:22;7,92;Jack;Self play;Win;1;25;100%
451;30.12.2021 20:13:12;-20,87579;Madox;Self play;Fail;3;828;59%
452;30.12.2021 20:13:12;-27,67769;Jack;Self play;Win;3;828;85%
453;30.12.2021 20:13:16;8,68;Madox;Self play;Win;1;21;100%
454;30.12.2021 20:13:16;-3,245;Jack;Self play;Fail;1;21;100%
455;30.12.2021 20:14:16;4,879992;Madox;Self play;Win;2;321;100%
456;30.12.2021 20:14:16;-12,45499;Jack;Self play;Fail;2;321;100%
457;30.12.2021 20:14:24;-6,199998;Madox;Self play;Fail;1;36;100%
458;30.12.2021 20:14:24;4,972501;Jack;Self play;Win;1;36;100%
459;30.12.2021 20:14:28;5,989999;Madox;Self play;Win;1;17;100%
460;30.12.2021 20:14:28;-3,52;Jack;Self play;Fail;1;17;100%
461;30.12.2021 20:15:56;-7,403765;Madox;Self play;Fail;2;395;96%
462;30.12.2021 20:15:56;-6,549995;Jack;Self play;Win;2;395;96%
463;30.12.2021 20:16:01;7,619999;Madox;Self play;Win;1;27;100%
464;30.12.2021 20:16:01;-1,94;Jack;Self play;Fail;1;27;100%
465;30.12.2021 20:16:11;-6,232499;Madox;Self play;Fail;1;49;100%
466;30.12.2021 20:16:11;11,96;Jack;Self play;Win;1;49;100%
467;30.12.2021 20:16:18;-6,665001;Madox;Self play;Fail;1;34;100%
468;30.12.2021 20:16:18;11,90125;Jack;Self play;Win;1;34;100%
469;30.12.2021 20:16:27;-5,755002;Madox;Self play;Fail;1;43;100%
470;30.12.2021 20:16:27;8,522501;Jack;Self play;Win;1;43;100%
471;30.12.2021 20:16:31;-2,575;Madox;Self play;Fail;1;23;100%
472;30.12.2021 20:16:31;7,98;Jack;Self play;Win;1;23;100%
473;30.12.2021 20:17:10;-10,33251;Madox;Self play;Win;1;195;28%
474;30.12.2021 20:17:10;-18,27502;Jack;Self play;Fail;1;195;28%
475;30.12.2021 20:17:12;-0,07500041;Madox;Self play;Fail;1;10;100%
476;30.12.2021 20:17:12;2,23;Jack;Self play;Win;1;10;100%
477;30.12.2021 20:17:18;6,98;Madox;Self play;Win;1;29;100%
478;30.12.2021 20:17:18;-1,072;Jack;Self play;Fail;1;29;100%
479;30.12.2021 20:17:30;5,409997;Madox;Self play;Win;1;61;100%
480;30.12.2021 20:17:30;-4,145;Jack;Self play;Fail;1;61;100%
481;30.12.2021 20:17:34;9,257503;Madox;Self play;Win;1;24;100%
482;30.12.2021 20:17:34;-4,1;Jack;Self play;Fail;1;24;100%
483;30.12.2021 20:17:39;6,325;Madox;Self play;Win;1;23;100%
484;30.12.2021 20:17:39;-3,77;Jack;Self play;Fail;1;23;100%
485;30.12.2021 20:17:54;-5,501;Madox;Self play;Fail;1;74;100%
486;30.12.2021 20:17:54;5,1175;Jack;Self play;Win;1;74;100%
487;30.12.2021 20:18:04;9,009002;Madox;Self play;Win;1;48;100%
488;30.12.2021 20:18:04;-4,780001;Jack;Self play;Fail;1;48;100%
489;30.12.2021 20:18:49;0,894995;Madox;Self play;Win;1;228;35%
490;30.12.2021 20:18:49;-14,70175;Jack;Self play;Fail;1;228;100%
491;30.12.2021 20:19:13;4,054999;Madox;Self play;Win;1;118;72%
492;30.12.2021 20:19:13;-5,734;Jack;Self play;Fail;1;118;90%
493;30.12.2021 20:19:18;8,882252;Madox;Self play;Win;1;21;100%
494;30.12.2021 20:19:18;-5,319999;Jack;Self play;Fail;1;21;100%
495;30.12.2021 20:19:36;-4,957502;Madox;Self play;Fail;1;83;99%
496;30.12.2021 20:19:36;6,434999;Jack;Self play;Win;1;83;99%
497;30.12.2021 20:19:42;5,917499;Madox;Self play;Win;1;30;100%
498;30.12.2021 20:19:42;-3,5;Jack;Self play;Fail;1;30;100%
499;30.12.2021 20:20:16;-8,305007;Madox;Self play;Win;1;176;27%
500;30.12.2021 20:20:16;-19,615;Jack;Self play;Fail;1;176;27%
501;30.12.2021 20:20:34;-0,9599996;Madox;Self play;Win;1;83;83%
502;30.12.2021 20:20:34;0,5484993;Jack;Self play;Fail;1;83;83%
503;30.12.2021 20:20:54;-9,58;Madox;Self play;Fail;1;109;100%
504;30.12.2021 20:20:54;7,617505;Jack;Self play;Win;1;109;39%
505;30.12.2021 20:21:02;9,067499;Madox;Self play;Win;1;35;100%
506;30.12.2021 20:21:02;-4,354999;Jack;Self play;Fail;1;35;100%
507;30.12.2021 20:22:23;10,00974;Madox;Self play;Win;2;395;40%
508;30.12.2021 20:22:23;-30,50755;Jack;Self play;Fail;2;395;100%
509;30.12.2021 20:22:30;7,502499;Madox;Self play;Win;1;36;100%
510;30.12.2021 20:22:30;-4,279999;Jack;Self play;Fail;1;36;100%
511;30.12.2021 20:22:58;-2,690004;Madox;Self play;Fail;1;123;100%
512;30.12.2021 20:22:58;9,542492;Jack;Self play;Win;1;123;100%
513;30.12.2021 20:23:19;-8,839994;Madox;Self play;Fail;1;109;95%
514;30.12.2021 20:23:19;8,214994;Jack;Self play;Win;1;109;95%
515;30.12.2021 20:23:48;5,454999;Madox;Self play;Win;1;136;100%
516;30.12.2021 20:23:48;-6,182499;Jack;Self play;Fail;1;136;100%
517;30.12.2021 20:24:51;-12,39824;Madox;Self play;Win;2;316;100%
518;30.12.2021 20:24:51;-14,45502;Jack;Self play;Fail;2;316;14%
519;30.12.2021 20:24:55;-1,8025;Madox;Self play;Fail;1;21;100%
520;30.12.2021 20:24:55;7,23475;Jack;Self play;Win;1;21;100%
521;30.12.2021 20:25:14;4,419997;Madox;Self play;Win;1;96;62%
522;30.12.2021 20:25:14;-7,844501;Jack;Self play;Fail;1;96;100%
523;30.12.2021 20:25:21;-5,029999;Madox;Self play;Fail;1;34;100%
524;30.12.2021 20:25:21;11,341;Jack;Self play;Win;1;34;100%
525;30.12.2021 20:25:26;-4,764999;Madox;Self play;Fail;1;26;100%
526;30.12.2021 20:25:26;9,524999;Jack;Self play;Win;1;26;100%
527;30.12.2021 20:25:48;-14,83499;Madox;Self play;Fail;1;109;96%
528;30.12.2021 20:25:48;16,147;Jack;Self play;Win;1;109;96%
529;30.12.2021 20:26:24;-1,550001;Madox;Self play;Win;1;169;60%
530;30.12.2021 20:26:24;-15,10997;Jack;Self play;Fail;1;169;60%
531;30.12.2021 20:26:31;7,974999;Madox;Self play;Win;1;31;100%
532;30.12.2021 20:26:31;-6,07575;Jack;Self play;Fail;1;31;100%
533;30.12.2021 20:26:40;-2,349999;Madox;Self play;Fail;1;35;100%
534;30.12.2021 20:26:40;8,972002;Jack;Self play;Win;1;35;100%
535;30.12.2021 20:27:17;-12,2825;Madox;Self play;Fail;1;161;72%
536;30.12.2021 20:27:17;-3,039996;Jack;Self play;Win;1;161;38%
537;30.12.2021 20:27:26;9,047502;Madox;Self play;Win;1;38;100%
538;30.12.2021 20:27:26;-3,845001;Jack;Self play;Fail;1;38;100%
539;30.12.2021 20:28:00;-6,780003;Madox;Self play;Win;1;184;38%
540;30.12.2021 20:28:00;-19,14999;Jack;Self play;Fail;1;184;38%
541;30.12.2021 20:28:11;-3,660001;Madox;Self play;Fail;1;55;82%
542;30.12.2021 20:28:11;7,085001;Jack;Self play;Win;1;55;82%
543;30.12.2021 20:28:15;4,6075;Madox;Self play;Win;1;16;100%
544;30.12.2021 20:28:15;0,6124995;Jack;Self play;Fail;1;16;100%
545;30.12.2021 20:28:19;-0,2149999;Madox;Self play;Fail;1;18;100%
546;30.12.2021 20:28:19;4,527;Jack;Self play;Win;1;18;100%
547;30.12.2021 20:28:36;-3,119997;Madox;Self play;Win;1;94;46%
548;30.12.2021 20:28:36;-8,772502;Jack;Self play;Fail;1;94;46%
549;30.12.2021 20:28:57;-11,51999;Madox;Self play;Fail;1;108;45%
550;30.12.2021 20:28:57;-2,629998;Jack;Self play;Win;1;108;45%
551;30.12.2021 20:29:15;-8,169991;Madox;Self play;Fail;1;96;68%
552;30.12.2021 20:29:15;2,060002;Jack;Self play;Win;1;96;68%
553;30.12.2021 20:31:51;-20,3275;Madox;Self play;Fail;3;716;93%
554;30.12.2021 20:31:51;-15,03751;Jack;Self play;Win;3;716;93%
555;30.12.2021 20:31:54;4,805;Madox;Self play;Win;1;19;100%
556;30.12.2021 20:31:54;-0,6699998;Jack;Self play;Fail;1;19;100%
557;30.12.2021 20:32:06;-0,236251;Madox;Self play;Fail;1;62;81%
558;30.12.2021 20:32:06;1,4875;Jack;Self play;Win;1;62;81%
559;30.12.2021 20:32:10;-0,4599996;Madox;Self play;Fail;1;16;100%
560;30.12.2021 20:32:10;5,365;Jack;Self play;Win;1;16;100%
561;30.12.2021 20:33:38;-24,89504;Madox;Self play;Fail;2;455;74%
562;30.12.2021 20:33:38;-12,31003;Jack;Self play;Win;2;455;74%
563;30.12.2021 20:33:41;-2,32;Madox;Self play;Fail;1;14;100%
564;30.12.2021 20:33:41;6,617001;Jack;Self play;Win;1;14;100%
565;30.12.2021 20:34:46;-0,3600163;Madox;Self play;Fail;2;316;13%
566;30.12.2021 20:34:46;-20,83009;Jack;Self play;Win;2;316;100%
567;30.12.2021 20:35:06;-7,930257;Madox;Self play;Fail;1;89;100%
568;30.12.2021 20:35:06;8,444993;Jack;Self play;Win;1;89;99%
569;30.12.2021 20:37:27;-7,835983;Madox;Self play;Win;3;676;68%
570;30.12.2021 20:37:27;-36,96772;Jack;Self play;Fail;3;676;90%
571;30.12.2021 20:37:41;4,5875;Madox;Self play;Win;1;75;82%
572;30.12.2021 20:37:41;-8,702496;Jack;Self play;Fail;1;75;82%
573;30.12.2021 20:37:50;-4,082;Madox;Self play;Fail;1;42;97%
574;30.12.2021 20:37:50;8,924999;Jack;Self play;Win;1;42;97%
575;30.12.2021 20:39:34;-28,33007;Madox;Self play;Fail;2;538;67%
576;30.12.2021 20:39:34;-23,1451;Jack;Self play;Win;2;538;67%
577;30.12.2021 20:39:43;12,3045;Madox;Self play;Win;1;42;97%
578;30.12.2021 20:39:43;-6,530001;Jack;Self play;Fail;1;42;97%
579;30.12.2021 20:39:49;-1,885;Madox;Self play;Fail;1;25;100%
580;30.12.2021 20:39:49;7,330503;Jack;Self play;Win;1;25;100%
581;30.12.2021 20:41:55;-43,10493;Madox;Self play;Fail;3;616;5%
582;30.12.2021 20:41:55;-48,31753;Jack;Self play;Win;3;616;51%
583;30.12.2021 20:41:57;-2,875;Madox;Self play;Fail;1;9;100%
584;30.12.2021 20:41:57;4,969249;Jack;Self play;Win;1;9;100%
585;30.12.2021 20:45:05;-64,52492;Madox;Self play;Fail;4;927;67%
586;30.12.2021 20:45:05;-25,96518;Jack;Self play;Win;4;927;39%
587;30.12.2021 20:46:42;-4,962517;Madox;Self play;Win;2;436;100%
588;30.12.2021 20:46:42;-22,65745;Jack;Self play;Fail;2;436;100%
589;30.12.2021 20:47:04;-4,35425;Madox;Self play;Fail;1;96;95%
590;30.12.2021 20:47:04;6,639997;Jack;Self play;Win;1;96;95%
591;30.12.2021 20:48:19;-18,89036;Madox;Self play;Win;2;356;100%
592;30.12.2021 20:48:19;-11,14249;Jack;Self play;Fail;2;356;21%
593;30.12.2021 20:48:29;-2,6375;Madox;Self play;Fail;1;43;100%
594;30.12.2021 20:48:29;8,227499;Jack;Self play;Win;1;43;100%
595;30.12.2021 20:48:33;-2,74;Madox;Self play;Fail;1;14;100%
596;30.12.2021 20:48:33;6,030001;Jack;Self play;Win;1;14;100%
597;30.12.2021 20:48:49;-3,179999;Madox;Self play;Fail;1;70;100%
598;30.12.2021 20:48:49;10,5075;Jack;Self play;Win;1;70;100%
599;30.12.2021 20:49:16;-3,359995;Madox;Self play;Win;1;117;60%
600;30.12.2021 20:49:16;-9,159994;Jack;Self play;Fail;1;117;60%
601;30.12.2021 20:49:22;-4,68;Madox;Self play;Fail;1;23;98%
602;30.12.2021 20:49:22;8,515751;Jack;Self play;Win;1;23;98%
603;30.12.2021 20:49:39;10,63375;Madox;Self play;Win;1;76;100%
604;30.12.2021 20:49:39;-9,605002;Jack;Self play;Fail;1;76;100%
605;30.12.2021 20:50:58;-32,08033;Madox;Self play;Fail;2;330;9%
606;30.12.2021 20:50:58;-22,04284;Jack;Self play;Win;2;330;9%
607;30.12.2021 20:51:03;-3,98;Madox;Self play;Fail;1;23;100%
608;30.12.2021 20:51:03;9,6925;Jack;Self play;Win;1;23;100%
609;30.12.2021 20:52:02;-18,15502;Madox;Self play;Fail;1;203;33%
610;30.12.2021 20:52:02;-13,10001;Jack;Self play;Win;1;203;33%
611;30.12.2021 20:52:10;-4,34;Madox;Self play;Fail;1;31;100%
612;30.12.2021 20:52:10;10,9625;Jack;Self play;Win;1;31;100%
613;30.12.2021 20:52:42;-16,09501;Madox;Self play;Fail;1;123;39%
614;30.12.2021 20:52:42;-2,949996;Jack;Self play;Win;1;123;39%
615;30.12.2021 20:53:12;-12,22001;Madox;Self play;Fail;1;136;60%
616;30.12.2021 20:53:12;-1,019999;Jack;Self play;Win;1;136;60%
617;30.12.2021 20:53:17;-4,845;Madox;Self play;Fail;1;18;100%
618;30.12.2021 20:53:17;9,287001;Jack;Self play;Win;1;18;100%
619;30.12.2021 20:55:42;-18,65246;Madox;Self play;Fail;3;643;57%
620;30.12.2021 20:55:42;-14,62421;Jack;Self play;Win;3;643;100%
621;30.12.2021 20:56:58;-38,41507;Madox;Self play;Fail;2;363;100%
622;30.12.2021 20:56:58;24,92567;Jack;Self play;Win;2;363;48%
623;30.12.2021 20:59:36;-39,30258;Madox;Self play;Win;3;723;58%
624;30.12.2021 20:59:36;-30,73572;Jack;Self play;Fail;3;723;58%
625;30.12.2021 20:59:45;-5,390001;Madox;Self play;Fail;1;35;100%
626;30.12.2021 20:59:45;12,715;Jack;Self play;Win;1;35;100%
627;30.12.2021 21:00:12;-4,289998;Madox;Self play;Fail;1;121;100%
628;30.12.2021 21:00:12;9,355007;Jack;Self play;Win;1;121;100%
629;30.12.2021 21:00:18;3,935;Madox;Self play;Win;1;15;84%
630;30.12.2021 21:00:18;0,5624995;Jack;Self play;Fail;1;15;84%
631;30.12.2021 21:01:24;-24,83507;Madox;Self play;Fail;2;326;64%
632;30.12.2021 21:01:24;-7,427447;Jack;Self play;Win;2;326;14%
633;30.12.2021 21:01:43;-10,4875;Madox;Self play;Fail;1;89;98%
634;30.12.2021 21:01:43;13,7925;Jack;Self play;Win;1;89;98%
635;30.12.2021 21:01:48;-3,845;Madox;Self play;Fail;1;24;97%
636;30.12.2021 21:01:48;11,3625;Jack;Self play;Win;1;24;97%
637;30.12.2021 21:02:00;-7,694996;Madox;Self play;Fail;1;56;85%
638;30.12.2021 21:02:00;7,884996;Jack;Self play;Win;1;56;85%
639;30.12.2021 21:02:05;-2,87;Madox;Self play;Fail;1;23;100%
640;30.12.2021 21:02:05;8,3325;Jack;Self play;Win;1;23;100%
641;30.12.2021 21:03:12;-15,74502;Madox;Self play;Fail;2;321;100%
642;30.12.2021 21:03:12;4,949992;Jack;Self play;Win;2;321;100%
643;30.12.2021 21:03:29;-1,495;Madox;Self play;Win;1;89;80%
644;30.12.2021 21:03:29;-6,575002;Jack;Self play;Fail;1;89;80%
645;30.12.2021 21:03:35;-1,407;Madox;Self play;Fail;1;30;100%
646;30.12.2021 21:03:35;3,935;Jack;Self play;Win;1;30;100%
647;30.12.2021 21:03:52;-7,399997;Madox;Self play;Fail;1;83;92%
648;30.12.2021 21:03:52;10,24725;Jack;Self play;Win;1;83;81%
649;30.12.2021 21:04:12;-10,195;Madox;Self play;Fail;1;94;100%
650;30.12.2021 21:04:12;15,59925;Jack;Self play;Win;1;94;100%
651;30.12.2021 21:04:18;-5,179999;Madox;Self play;Fail;1;29;96%
652;30.12.2021 21:04:18;4,572501;Jack;Self play;Win;1;29;96%
653;30.12.2021 21:04:34;6,737501;Madox;Self play;Win;1;81;100%
654;30.12.2021 21:04:34;-6,757497;Jack;Self play;Fail;1;81;100%
655;30.12.2021 21:04:39;8,297501;Madox;Self play;Win;1;21;100%
656;30.12.2021 21:04:39;-3,805;Jack;Self play;Fail;1;21;100%
657;30.12.2021 21:05:11;-0,834995;Madox;Self play;Win;1;156;56%
658;30.12.2021 21:05:11;-14,85501;Jack;Self play;Fail;1;156;56%
659;30.12.2021 21:05:16;0,1892498;Madox;Self play;Fail;1;20;100%
660;30.12.2021 21:05:16;5,175;Jack;Self play;Win;1;20;100%
661;30.12.2021 21:05:30;-4,463251;Madox;Self play;Fail;1;63;100%
662;30.12.2021 21:05:30;7,402248;Jack;Self play;Win;1;63;100%
663;30.12.2021 21:06:31;-11,45499;Madox;Self play;Fail;2;311;100%
664;30.12.2021 21:06:31;-7,357491;Jack;Self play;Win;2;311;100%
665;30.12.2021 21:08:02;-3,392504;Madox;Self play;Win;2;396;92%
666;30.12.2021 21:08:02;-13,98626;Jack;Self play;Fail;2;396;92%
667;30.12.2021 21:08:09;6,2675;Madox;Self play;Win;1;28;100%
668;30.12.2021 21:08:09;-2,005;Jack;Self play;Fail;1;28;100%
669;30.12.2021 21:08:11;0,4700003;Madox;Self play;Fail;1;8;100%
670;30.12.2021 21:08:11;1,055;Jack;Self play;Win;1;8;100%
671;30.12.2021 21:10:52;-36,6613;Madox;Self play;Fail;3;734;23%
672;30.12.2021 21:10:52;-28,98761;Jack;Self play;Win;3;734;88%
673;30.12.2021 21:12:02;-13,205;Madox;Self play;Fail;2;341;100%
674;30.12.2021 21:12:02;-0,9675071;Jack;Self play;Win;2;341;100%
675;30.12.2021 21:12:07;8,9855;Madox;Self play;Win;1;25;100%
676;30.12.2021 21:12:07;-2,54;Jack;Self play;Fail;1;25;100%
677;30.12.2021 21:12:35;-11,53001;Madox;Self play;Fail;1;142;54%
678;30.12.2021 21:12:35;-2,624999;Jack;Self play;Win;1;142;54%
679;30.12.2021 21:12:48;10,745;Madox;Self play;Win;1;61;100%
680;30.12.2021 21:12:48;-7,054999;Jack;Self play;Fail;1;61;100%
681;30.12.2021 21:13:56;-1,252476;Madox;Self play;Fail;2;322;14%
682;30.12.2021 21:13:56;-8,345036;Jack;Self play;Win;2;322;100%
683;30.12.2021 21:14:01;8,975254;Madox;Self play;Win;1;22;100%
684;30.12.2021 21:14:01;-3,485001;Jack;Self play;Fail;1;22;100%
685;30.12.2021 21:14:18;-8,300255;Madox;Self play;Fail;1;75;100%
686;30.12.2021 21:14:18;4,725;Jack;Self play;Win;1;75;72%
687;30.12.2021 21:15:12;-13,63001;Madox;Self play;Fail;1;228;100%
688;30.12.2021 21:15:12;7,098706;Jack;Self play;Win;1;228;23%
689;30.12.2021 21:15:45;-9,948999;Madox;Self play;Fail;1;129;100%
690;30.12.2021 21:15:45;4,104997;Jack;Self play;Win;1;129;68%
691;30.12.2021 21:17:42;-31,55004;Madox;Self play;Fail;2;514;71%
692;30.12.2021 21:17:42;-6,044718;Jack;Self play;Win;2;514;71%
693;30.12.2021 21:17:50;11,65425;Madox;Self play;Win;1;35;100%
694;30.12.2021 21:17:50;-5,480001;Jack;Self play;Fail;1;35;100%
695;30.12.2021 21:18:10;-3,32;Madox;Self play;Fail;1;102;94%
696;30.12.2021 21:18:10;6,197498;Jack;Self play;Win;1;102;94%
697;30.12.2021 21:19:12;-11,24499;Madox;Self play;Fail;2;328;100%
698;30.12.2021 21:19:12;6,27;Jack;Self play;Win;2;328;100%
699;30.12.2021 21:19:28;-10,27;Madox;Self play;Fail;1;83;100%
700;30.12.2021 21:19:28;17,28399;Jack;Self play;Win;1;83;100%
701;30.12.2021 21:19:47;12,98252;Madox;Self play;Win;1;82;100%
702;30.12.2021 21:19:47;-7,630006;Jack;Self play;Fail;1;82;100%
703;30.12.2021 21:19:57;11,6725;Madox;Self play;Win;1;36;100%
704;30.12.2021 21:19:57;-5,835001;Jack;Self play;Fail;1;36;100%
705;30.12.2021 21:20:04;-2,685;Madox;Self play;Fail;1;27;100%
706;30.12.2021 21:20:04;9,947501;Jack;Self play;Win;1;27;100%
707;30.12.2021 21:20:12;8,617501;Madox;Self play;Win;1;34;100%
708;30.12.2021 21:20:12;-2,8625;Jack;Self play;Fail;1;34;100%
709;30.12.2021 21:21:28;-7,865006;Madox;Self play;Fail;2;332;23%
710;30.12.2021 21:21:28;-8,299752;Jack;Self play;Win;2;332;100%
711;30.12.2021 21:22:13;2,725001;Madox;Self play;Win;1;235;16%
712;30.12.2021 21:22:13;-12,33001;Jack;Self play;Fail;1;235;100%
713;30.12.2021 21:22:19;-3,185;Madox;Self play;Fail;1;29;97%
714;30.12.2021 21:22:19;8,567499;Jack;Self play;Win;1;29;97%
715;30.12.2021 21:22:23;-2,51;Madox;Self play;Fail;1;23;90%
716;30.12.2021 21:22:23;7,15;Jack;Self play;Win;1;23;90%
717;30.12.2021 21:22:27;-3,665;Madox;Self play;Fail;1;21;100%
718;30.12.2021 21:22:27;9,915;Jack;Self play;Win;1;21;100%
719;30.12.2021 21:23:09;-17,05502;Madox;Self play;Fail;1;183;46%
720;30.12.2021 21:23:09;-6,202505;Jack;Self play;Win;1;183;46%
721;30.12.2021 21:23:14;6,039999;Madox;Self play;Win;1;19;100%
722;30.12.2021 21:23:14;-1,89;Jack;Self play;Fail;1;19;100%
723;30.12.2021 21:23:19;8,582501;Madox;Self play;Win;1;21;100%
724;30.12.2021 21:23:19;-4,46;Jack;Self play;Fail;1;21;100%
725;30.12.2021 21:25:52;-8,267646;Madox;Self play;Win;3;696;58%
726;30.12.2021 21:25:52;-45,22259;Jack;Self play;Fail;3;696;61%
727;30.12.2021 21:27:00;-28,49207;Madox;Self play;Fail;2;324;14%
728;30.12.2021 21:27:00;-22,85882;Jack;Self play;Win;2;324;14%
729;30.12.2021 21:28:55;-36,84007;Madox;Self play;Fail;2;543;68%
730;30.12.2021 21:28:55;-23,4126;Jack;Self play;Win;2;543;68%
731;30.12.2021 21:28:57;-2,76;Madox;Self play;Fail;1;13;100%
732;30.12.2021 21:28:57;5,775;Jack;Self play;Win;1;13;100%
733;30.12.2021 21:29:38;-8,490011;Madox;Self play;Win;1;196;39%
734;30.12.2021 21:29:38;-16,63002;Jack;Self play;Fail;1;196;39%
735;30.12.2021 21:29:46;-4,979999;Madox;Self play;Fail;1;34;99%
736;30.12.2021 21:29:46;5,564998;Jack;Self play;Win;1;34;99%
737;30.12.2021 21:29:51;-2,646499;Madox;Self play;Fail;1;21;79%
738;30.12.2021 21:29:51;2,875;Jack;Self play;Win;1;21;79%
739;30.12.2021 21:29:57;-5,829999;Madox;Self play;Fail;1;29;100%
740;30.12.2021 21:29:57;11,09075;Jack;Self play;Win;1;29;100%
741;30.12.2021 21:31:14;-34,58009;Madox;Self play;Fail;2;334;10%
742;30.12.2021 21:31:14;-19,08509;Jack;Self play;Win;2;334;10%
743;30.12.2021 21:31:19;6,9575;Madox;Self play;Win;1;20;100%
744;30.12.2021 21:31:19;-1,79;Jack;Self play;Fail;1;20;100%
745;30.12.2021 21:32:32;-1,503486;Madox;Self play;Fail;2;334;100%
746;30.12.2021 21:32:32;-11,53982;Jack;Self play;Win;2;334;100%
747;30.12.2021 21:33:38;3,359009;Madox;Self play;Win;2;329;100%
748;30.12.2021 21:33:38;-15,68002;Jack;Self play;Fail;2;329;100%
749;30.12.2021 21:33:43;7,73625;Madox;Self play;Win;1;26;100%
750;30.12.2021 21:33:43;-3,57;Jack;Self play;Fail;1;26;100%
751;30.12.2021 21:34:03;-5,114997;Madox;Self play;Win;1;103;36%
752;30.12.2021 21:34:03;-12,84001;Jack;Self play;Fail;1;103;36%
753;30.12.2021 21:34:30;-10,779;Madox;Self play;Fail;1;135;100%
754;30.12.2021 21:34:30;0,2750015;Jack;Self play;Win;1;135;49%
755;30.12.2021 21:34:37;9,30925;Madox;Self play;Win;1;32;99%
756;30.12.2021 21:34:37;-2,91;Jack;Self play;Fail;1;32;100%
757;30.12.2021 21:34:42;9,242499;Madox;Self play;Win;1;24;100%
758;30.12.2021 21:34:42;-5,085;Jack;Self play;Fail;1;24;100%
759;30.12.2021 21:35:03;16,09725;Madox;Self play;Win;1;101;100%
760;30.12.2021 21:35:03;-13,82002;Jack;Self play;Fail;1;101;100%
761;30.12.2021 21:35:09;9,094999;Madox;Self play;Win;1;26;100%
762;30.12.2021 21:35:09;-3,265;Jack;Self play;Fail;1;26;100%
763;30.12.2021 21:35:14;10,51;Madox;Self play;Win;1;23;100%
764;30.12.2021 21:35:14;-4,505001;Jack;Self play;Fail;1;23;100%
765;30.12.2021 21:35:20;9,649252;Madox;Self play;Win;1;27;100%
766;30.12.2021 21:35:20;-3,15;Jack;Self play;Fail;1;27;100%
767;30.12.2021 21:35:26;-3,19;Madox;Self play;Fail;1;29;100%
768;30.12.2021 21:35:26;9,855001;Jack;Self play;Win;1;29;100%
769;30.12.2021 21:35:35;-3,5875;Madox;Self play;Fail;1;44;100%
770;30.12.2021 21:35:35;5,619997;Jack;Self play;Win;1;44;100%
771;30.12.2021 21:36:43;-21,93509;Madox;Self play;Win;2;327;8%
772;30.12.2021 21:36:43;-31,80509;Jack;Self play;Fail;2;327;8%
773;30.12.2021 21:36:46;-3,105;Madox;Self play;Fail;1;15;100%
774;30.12.2021 21:36:46;5,184999;Jack;Self play;Win;1;15;100%
775;30.12.2021 21:38:14;-10,78251;Madox;Self play;Win;2;431;87%
776;30.12.2021 21:38:14;-15,245;Jack;Self play;Fail;2;431;87%
777;30.12.2021 21:39:27;-7,885017;Madox;Self play;Win;2;318;100%
778;30.12.2021 21:39:27;-1,913006;Jack;Self play;Fail;2;318;100%
779;30.12.2021 21:39:32;7,6525;Madox;Self play;Win;1;19;100%
780;30.12.2021 21:39:32;-2,88;Jack;Self play;Fail;1;19;100%
781;30.12.2021 21:39:38;-2,914999;Madox;Self play;Fail;1;22;100%
782;30.12.2021 21:39:38;7,6855;Jack;Self play;Win;1;22;100%
783;30.12.2021 21:40:44;-6,945011;Madox;Self play;Fail;2;318;100%
784;30.12.2021 21:40:44;1,816506;Jack;Self play;Win;2;318;100%
785;30.12.2021 21:40:45;1,725;Madox;Self play;Win;1;7;100%
786;30.12.2021 21:40:45;0,1800002;Jack;Self play;Fail;1;7;100%
787;30.12.2021 21:41:44;-3,865012;Madox;Self play;Fail;2;308;100%
788;30.12.2021 21:41:44;-4,719985;Jack;Self play;Win;2;308;100%
789;30.12.2021 21:41:47;6,474999;Madox;Self play;Win;1;19;100%
790;30.12.2021 21:41:47;-1,865;Jack;Self play;Fail;1;19;100%
791;30.12.2021 21:42:03;10,11751;Madox;Self play;Win;1;81;74%
792;30.12.2021 21:42:03;-8,760004;Jack;Self play;Fail;1;81;100%
793;30.12.2021 21:42:45;-11,30501;Madox;Self play;Win;1;188;22%
794;30.12.2021 21:42:45;-19,53003;Jack;Self play;Fail;1;188;22%
795;30.12.2021 21:43:47;-18,32006;Madox;Self play;Win;1;263;16%
796;30.12.2021 21:43:47;-26,60006;Jack;Self play;Fail;1;263;16%
797;30.12.2021 21:43:51;-1,23;Madox;Self play;Fail;1;15;100%
798;30.12.2021 21:43:51;5,99;Jack;Self play;Win;1;15;100%
799;30.12.2021 21:43:57;-5,44;Madox;Self play;Fail;1;25;100%
800;30.12.2021 21:43:57;9,795751;Jack;Self play;Win;1;25;100%
801;30.12.2021 21:45:29;-12,4125;Madox;Self play;Fail;2;423;100%
802;30.12.2021 21:45:29;1,277496;Jack;Self play;Win;2;423;95%
803;30.12.2021 21:45:55;-3,959996;Madox;Self play;Win;1;115;47%
804;30.12.2021 21:45:55;-10,56;Jack;Self play;Fail;1;115;47%
805;30.12.2021 21:46:08;4,559999;Madox;Self play;Win;1;63;100%
806;30.12.2021 21:46:08;-4,18;Jack;Self play;Fail;1;63;100%
807;30.12.2021 21:46:21;-1,75;Madox;Self play;Fail;1;69;92%
808;30.12.2021 21:46:21;3,9725;Jack;Self play;Win;1;69;92%
809;30.12.2021 21:46:33;4,2925;Madox;Self play;Win;1;57;70%
810;30.12.2021 21:46:33;-5,620001;Jack;Self play;Fail;1;57;70%
811;30.12.2021 21:46:37;-5,015001;Madox;Self play;Fail;1;20;100%
812;30.12.2021 21:46:37;8,680251;Jack;Self play;Win;1;20;100%
813;30.12.2021 21:47:43;-23,25435;Madox;Self play;Win;2;327;9%
814;30.12.2021 21:47:43;-31,35007;Jack;Self play;Fail;2;327;9%
815;30.12.2021 21:47:47;9,957504;Madox;Self play;Win;1;23;100%
816;30.12.2021 21:47:47;-4,075001;Jack;Self play;Fail;1;23;100%
817;30.12.2021 21:48:29;-19,10999;Madox;Self play;Fail;1;209;90%
818;30.12.2021 21:48:29;5,421989;Jack;Self play;Win;1;209;22%
819;30.12.2021 21:49:05;-1,3;Madox;Self play;Win;1;175;44%
820;30.12.2021 21:49:05;-13,75849;Jack;Self play;Fail;1;175;100%
821;30.12.2021 21:50:13;-22,29226;Madox;Self play;Fail;2;339;100%
822;30.12.2021 21:50:13;8,622491;Jack;Self play;Win;2;339;21%
823;30.12.2021 21:50:20;10,98575;Madox;Self play;Win;1;32;100%
824;30.12.2021 21:50:20;-4,245;Jack;Self play;Fail;1;32;100%
825;30.12.2021 21:50:25;-2,82;Madox;Self play;Fail;1;23;100%
826;30.12.2021 21:50:25;8,557;Jack;Self play;Win;1;23;100%
827;30.12.2021 21:50:31;8,592502;Madox;Self play;Win;1;26;100%
828;30.12.2021 21:50:31;-3,48;Jack;Self play;Fail;1;26;100%
829;30.12.2021 21:51:34;10,45324;Madox;Self play;Win;2;323;15%
830;30.12.2021 21:51:34;-25,30996;Jack;Self play;Fail;2;323;100%
831;30.12.2021 21:51:39;7,505;Madox;Self play;Win;1;21;100%
832;30.12.2021 21:51:39;-3,32;Jack;Self play;Fail;1;21;100%
833;30.12.2021 21:51:45;-1,579;Madox;Self play;Fail;1;30;100%
834;30.12.2021 21:51:45;7,489997;Jack;Self play;Win;1;30;100%
835;30.12.2021 21:51:49;-4,46;Madox;Self play;Fail;1;23;100%
836;30.12.2021 21:51:49;10,735;Jack;Self play;Win;1;23;100%
837;30.12.2021 21:52:12;0,4424984;Madox;Self play;Win;1;109;65%
838;30.12.2021 21:52:12;-12,60501;Jack;Self play;Fail;1;109;66%
839;30.12.2021 21:52:18;9,605002;Madox;Self play;Win;1;29;100%
840;30.12.2021 21:52:18;-2,889999;Jack;Self play;Fail;1;29;100%
841;30.12.2021 21:54:45;-27,93506;Madox;Self play;Fail;3;648;58%
842;30.12.2021 21:54:45;-19,58757;Jack;Self play;Win;3;648;71%
843;30.12.2021 21:54:52;9,047501;Madox;Self play;Win;1;35;100%
844;30.12.2021 21:54:52;-2,06;Jack;Self play;Fail;1;35;100%
845;30.12.2021 21:55:08;6,662751;Madox;Self play;Win;1;83;100%
846;30.12.2021 21:55:08;-5,865;Jack;Self play;Fail;1;83;100%
847;30.12.2021 21:55:16;14,36475;Madox;Self play;Win;1;36;100%
848;30.12.2021 21:55:16;-8,335001;Jack;Self play;Fail;1;36;100%
849;30.12.2021 21:56:16;-16,68344;Madox;Self play;Fail;2;308;86%
850;30.12.2021 21:56:16;-7,889967;Jack;Self play;Win;2;308;16%
851;30.12.2021 21:56:20;-2,315;Madox;Self play;Fail;1;17;100%
852;30.12.2021 21:56:20;5,2;Jack;Self play;Win;1;17;100%
853;30.12.2021 21:56:23;-0,9974998;Madox;Self play;Fail;1;18;100%
854;30.12.2021 21:56:23;4,2725;Jack;Self play;Win;1;18;100%
855;30.12.2021 21:56:33;2,480001;Madox;Self play;Win;1;51;89%
856;30.12.2021 21:56:33;-4,43975;Jack;Self play;Fail;1;51;100%
857;30.12.2021 21:56:35;-0,42;Madox;Self play;Fail;1;8;100%
858;30.12.2021 21:56:35;2,515;Jack;Self play;Win;1;8;100%
859;30.12.2021 21:56:41;-3,07;Madox;Self play;Fail;1;25;100%
860;30.12.2021 21:56:41;8,047501;Jack;Self play;Win;1;25;100%
861;30.12.2021 21:57:12;-12,61001;Madox;Self play;Fail;1;136;49%
862;30.12.2021 21:57:12;-2,764999;Jack;Self play;Win;1;136;49%
863;30.12.2021 21:58:22;-5,89501;Madox;Self play;Fail;2;318;100%
864;30.12.2021 21:58:22;-0,4157422;Jack;Self play;Win;2;318;100%
865;30.12.2021 21:59:03;-11,05502;Madox;Self play;Win;1;189;22%
866;30.12.2021 21:59:03;-22,61499;Jack;Self play;Fail;1;189;22%
867;30.12.2021 21:59:21;-5,44775;Madox;Self play;Fail;1;88;93%
868;30.12.2021 21:59:21;4,7905;Jack;Self play;Win;1;88;100%
869;30.12.2021 21:59:32;-7,880001;Madox;Self play;Fail;1;50;62%
870;30.12.2021 21:59:32;6,635;Jack;Self play;Win;1;50;62%
871;30.12.2021 21:59:52;-8,814996;Madox;Self play;Fail;1;89;98%
872;30.12.2021 21:59:52;5,823239;Jack;Self play;Win;1;89;84%
873;30.12.2021 21:59:56;5,457499;Madox;Self play;Win;1;19;100%
874;30.12.2021 21:59:56;-1,305;Jack;Self play;Fail;1;19;100%
875;30.12.2021 22:01:49;-31,40997;Madox;Self play;Fail;2;534;100%
876;30.12.2021 22:01:49;10,44582;Jack;Self play;Win;2;534;13%
877;30.12.2021 22:03:16;-13,53053;Madox;Self play;Fail;2;449;100%
878;30.12.2021 22:03:16;-2,535003;Jack;Self play;Win;2;449;89%
879;30.12.2021 22:04:19;3,132491;Madox;Self play;Win;2;322;16%
880;30.12.2021 22:04:19;-22,54025;Jack;Self play;Fail;2;322;100%
881;30.12.2021 22:08:00;-59,68079;Madox;Self play;Win;4;1003;70%
882;30.12.2021 22:08:00;-36,74495;Jack;Self play;Fail;4;1003;49%
883;30.12.2021 22:08:36;-9,083741;Madox;Self play;Fail;1;156;100%
884;30.12.2021 22:08:36;2,112502;Jack;Self play;Win;1;156;36%
885;30.12.2021 22:08:42;-2,48;Madox;Self play;Fail;1;21;100%
886;30.12.2021 22:08:42;6,7925;Jack;Self play;Win;1;21;100%
887;30.12.2021 22:10:42;-31,52244;Madox;Self play;Win;2;561;15%
888;30.12.2021 22:10:42;-43,81594;Jack;Self play;Fail;2;561;46%
889;30.12.2021 22:10:47;9,720002;Madox;Self play;Win;1;26;100%
890;30.12.2021 22:10:48;-4,125;Jack;Self play;Fail;1;26;100%
891;30.12.2021 22:10:54;9,550505;Madox;Self play;Win;1;29;93%
892;30.12.2021 22:10:54;-2,875;Jack;Self play;Fail;1;29;100%
893;30.12.2021 22:11:58;2,274991;Madox;Self play;Win;2;321;98%
894;30.12.2021 22:11:58;-9,9775;Jack;Self play;Fail;2;321;98%
895;30.12.2021 22:12:03;-2,94;Madox;Self play;Fail;1;24;100%
896;30.12.2021 22:12:03;7,634999;Jack;Self play;Win;1;24;100%
897;30.12.2021 22:12:07;6,9505;Madox;Self play;Win;1;17;100%
898;30.12.2021 22:12:07;-4;Jack;Self play;Fail;1;17;100%
899;30.12.2021 22:12:31;-9,305749;Madox;Self play;Fail;1;124;100%
900;30.12.2021 22:12:31;0,4950022;Jack;Self play;Win;1;124;60%
901;30.12.2021 22:12:45;-0,6497514;Madox;Self play;Fail;1;75;100%
902;30.12.2021 22:12:45;1,49;Jack;Self play;Win;1;75;100%
903;30.12.2021 22:14:00;5,807247;Madox;Self play;Win;2;320;100%
904;30.12.2021 22:14:00;-3,755006;Jack;Self play;Fail;2;320;100%
905;30.12.2021 22:14:37;-3,677496;Madox;Self play;Win;1;155;41%
906;30.12.2021 22:14:37;-16,93499;Jack;Self play;Fail;1;155;41%
907;30.12.2021 22:15:53;-11,8;Madox;Self play;Fail;2;331;95%
908;30.12.2021 22:15:53;-3,346247;Jack;Self play;Win;2;331;95%
909;30.12.2021 22:15:57;7,3705;Madox;Self play;Win;1;20;100%
910;30.12.2021 22:15:57;-2,435;Jack;Self play;Fail;1;20;100%
911;30.12.2021 22:16:03;4,0575;Madox;Self play;Win;1;29;100%
912;30.12.2021 22:16:03;-2,545;Jack;Self play;Fail;1;29;100%
913;30.12.2021 22:16:09;-3,125;Madox;Self play;Fail;1;32;100%
914;30.12.2021 22:16:09;9,692502;Jack;Self play;Win;1;32;100%
915;30.12.2021 22:16:29;-3,139997;Madox;Self play;Win;1;102;44%
916;30.12.2021 22:16:29;-12,13499;Jack;Self play;Fail;1;102;44%
917;30.12.2021 22:16:34;9,344001;Madox;Self play;Win;1;21;87%
918;30.12.2021 22:16:34;-4,14;Jack;Self play;Fail;1;21;87%
919;30.12.2021 22:18:21;-47,84483;Madox;Self play;Fail;2;522;54%
920;30.12.2021 22:18:21;-14,16755;Jack;Self play;Win;2;522;54%
921;30.12.2021 22:19:15;-17,57506;Madox;Self play;Win;1;262;27%
922;30.12.2021 22:19:15;-24,04505;Jack;Self play;Fail;1;262;28%
923;30.12.2021 22:19:41;-7,835755;Madox;Self play;Fail;1;109;74%
924;30.12.2021 22:19:41;1,8725;Jack;Self play;Win;1;109;74%
925;30.12.2021 22:20:56;-34,39009;Madox;Self play;Fail;2;321;6%
926;30.12.2021 22:20:56;-21,56758;Jack;Self play;Win;2;321;6%
927;30.12.2021 22:21:09;4,11775;Madox;Self play;Win;1;68;91%
928;30.12.2021 22:21:09;-5,577249;Jack;Self play;Fail;1;68;100%
929;30.12.2021 22:21:14;-3,745;Madox;Self play;Fail;1;24;100%
930;30.12.2021 22:21:14;7,4645;Jack;Self play;Win;1;24;100%
931;30.12.2021 22:22:21;-15,4125;Madox;Self play;Fail;2;336;21%
932;30.12.2021 22:22:21;-12,9928;Jack;Self play;Win;2;336;99%
933;30.12.2021 22:22:25;4,4985;Madox;Self play;Win;1;20;100%
934;30.12.2021 22:22:25;-0,04750031;Jack;Self play;Fail;1;20;100%
935;30.12.2021 22:23:37;7,059991;Madox;Self play;Win;2;320;100%
936;30.12.2021 22:23:37;-11,55999;Jack;Self play;Fail;2;320;100%
937;30.12.2021 22:25:50;-22,10246;Madox;Self play;Fail;3;624;97%
938;30.12.2021 22:25:50;-10,56483;Jack;Self play;Win;3;624;97%
939;30.12.2021 22:25:55;5,574999;Madox;Self play;Win;1;26;100%
940;30.12.2021 22:25:55;-1,86;Jack;Self play;Fail;1;26;100%
941;30.12.2021 22:26:09;11,92826;Madox;Self play;Win;1;70;100%
942;30.12.2021 22:26:09;-5,536497;Jack;Self play;Fail;1;70;100%
943;30.12.2021 22:26:13;3,44;Madox;Self play;Win;1;23;84%
944;30.12.2021 22:26:13;-1,77;Jack;Self play;Fail;1;23;84%
945;30.12.2021 22:26:27;2,68;Madox;Self play;Win;1;70;93%
946;30.12.2021 22:26:27;-2,2195;Jack;Self play;Fail;1;70;93%
947;30.12.2021 22:26:32;8,263502;Madox;Self play;Win;1;24;100%
948;30.12.2021 22:26:32;-2,34;Jack;Self play;Fail;1;24;100%
949;30.12.2021 22:26:38;-4,059999;Madox;Self play;Fail;1;33;59%
950;30.12.2021 22:26:38;6,61025;Jack;Self play;Win;1;33;59%
951;30.12.2021 22:26:44;3,709749;Madox;Self play;Win;1;29;100%
952;30.12.2021 22:26:44;-2,11;Jack;Self play;Fail;1;29;100%
953;30.12.2021 22:26:51;9,7385;Madox;Self play;Win;1;33;100%
954;30.12.2021 22:26:51;-3,3;Jack;Self play;Fail;1;33;100%
955;30.12.2021 22:27:00;-1,155001;Madox;Self play;Fail;1;45;100%
956;30.12.2021 22:27:00;8,640001;Jack;Self play;Win;1;45;100%
957;30.12.2021 22:27:13;8,177498;Madox;Self play;Win;1;63;100%
958;30.12.2021 22:27:13;-1,8;Jack;Self play;Fail;1;63;100%
959;30.12.2021 22:27:20;10,581;Madox;Self play;Win;1;34;100%
960;30.12.2021 22:27:20;-3,435;Jack;Self play;Fail;1;34;100%
961;30.12.2021 22:28:26;-4,299992;Madox;Self play;Win;2;316;11%
962;30.12.2021 22:28:26;-27,66379;Jack;Self play;Fail;2;316;98%
963;30.12.2021 22:28:33;-0,7899998;Madox;Self play;Fail;1;34;100%
964;30.12.2021 22:28:33;6,999999;Jack;Self play;Win;1;34;100%
965;30.12.2021 22:30:59;-33,14992;Madox;Self play;Fail;3;642;100%
966;30.12.2021 22:30:59;24,89676;Jack;Self play;Win;3;642;58%
967;30.12.2021 23:18:17;-33,14502;Madox;Self play;Fail;4;1062;100%
968;30.12.2021 23:18:17;1,015028;Jack;Self play;Win;4;1062;100%
969;31.12.2021 03:08:40;-11,38499;Madox;Self play;Fail;1;222;85%
970;31.12.2021 03:08:40;0,4675067;Jack;Self play;Win;1;222;83%
971;31.12.2021 04:01:22;1,442499;Madox;Self play;Win;1;207;83%
972;31.12.2021 04:01:22;-14,3375;Jack;Self play;Fail;1;207;83%
973;31.12.2021 04:18:15;-0,8699998;Madox;Self play;Fail;1;20;100%
974;31.12.2021 04:18:15;5,285;Jack;Self play;Win;1;20;100%
975;31.12.2021 04:26:06;-1,735;Madox;Self play;Fail;1;21;100%
976;31.12.2021 04:26:06;6,6625;Jack;Self play;Win;1;21;100%
977;31.12.2021 04:26:19;7,109997;Madox;Self play;Win;1;47;99%
978;31.12.2021 04:26:19;-1,635;Jack;Self play;Fail;1;47;99%
979;31.12.2021 04:27:06;-11,295;Madox;Self play;Fail;1;203;76%
980;31.12.2021 04:27:06;-3,464994;Jack;Self play;Win;1;203;76%
981;31.12.2021 04:31:32;-9,599999;Madox;Self play;Fail;1;62;61%
982;31.12.2021 04:31:32;5,404998;Jack;Self play;Win;1;62;61%
